requirement,summary,phase,owner,status,implementation,tests,platforms
FR-APP-01,应用应保持单实例；第二次启动应唤起并聚焦已有窗口。,"Phase 1, Phase 8 and Phase 9",codez-desktop,planned,"codez-desktop implementation in Phase 1, Phase 8 and Phase 9; Electron remains the behavioral baseline until replacement evidence is linked.",src/tests/chat-runtime-ipc.test.ts;src/tests/smoke.test.ts;src/tests/task-capsule-theme-colors.test.ts,windows-x64; macos; linux
FR-APP-02,应保留当前无边框窗口、最小尺寸、最小化/最大化/关闭和最大化状态同步。,"Phase 1, Phase 8 and Phase 9",codez-desktop,planned,"codez-desktop implementation in Phase 1, Phase 8 and Phase 9; Electron remains the behavioral baseline until replacement evidence is linked.",src/tests/chat-runtime-ipc.test.ts;src/tests/smoke.test.ts;src/tests/task-capsule-theme-colors.test.ts,windows-x64; macos; linux
FR-APP-03,应支持系统/浅色/深色主题，并向前端同步系统主题变化。,"Phase 1, Phase 8 and Phase 9",codez-desktop,planned,"codez-desktop implementation in Phase 1, Phase 8 and Phase 9; Electron remains the behavioral baseline until replacement evidence is linked.",src/tests/chat-runtime-ipc.test.ts;src/tests/smoke.test.ts;src/tests/task-capsule-theme-colors.test.ts,windows-x64; macos; linux
FR-APP-04,外部 URL 必须由系统浏览器打开，WebView 不得直接导航到不受信任页面。,"Phase 1, Phase 8 and Phase 9",codez-desktop,planned,"codez-desktop implementation in Phase 1, Phase 8 and Phase 9; Electron remains the behavioral baseline until replacement evidence is linked.",src/tests/chat-runtime-ipc.test.ts;src/tests/smoke.test.ts;src/tests/task-capsule-theme-colors.test.ts,windows-x64; macos; linux
FR-APP-05,应保留全局显示/隐藏快捷键，并在应用退出时注销。,"Phase 1, Phase 8 and Phase 9",codez-desktop,planned,"codez-desktop implementation in Phase 1, Phase 8 and Phase 9; Electron remains the behavioral baseline until replacement evidence is linked.",src/tests/chat-runtime-ipc.test.ts;src/tests/smoke.test.ts;src/tests/task-capsule-theme-colors.test.ts,windows-x64; macos; linux
FR-APP-06,退出顺序必须停止聊天流、Agent、工具进程、PTY 和 MCP，再完成持久化。,"Phase 1, Phase 8 and Phase 9",codez-desktop,planned,"codez-desktop implementation in Phase 1, Phase 8 and Phase 9; Electron remains the behavioral baseline until replacement evidence is linked.",src/tests/chat-runtime-ipc.test.ts;src/tests/smoke.test.ts;src/tests/task-capsule-theme-colors.test.ts,windows-x64; macos; linux
FR-WS-01,支持目录选择、最近项目 CRUD、项目类型识别和文件树扫描。,Phase 3 and Phase 8,codez-platform,planned,codez-platform implementation in Phase 3 and Phase 8; Electron remains the behavioral baseline until replacement evidence is linked.,src/tests/git-context-service.test.ts;src/tests/glob-tool.test.ts;src/tests/grep-tool.test.ts;src/tests/project-analysis-service.test.ts;src/tests/read-tool.test.ts;src/tests/right-workspace-tabs.test.ts;src/tests/workspace-permission-store.test.ts;src/tests/workspace-service.test.ts,windows-x64; macos; linux
FR-WS-02,所有受工作区约束的文件操作必须经过规范化、边界校验和符号链接防逃逸检查。,Phase 3 and Phase 8,codez-platform,planned,codez-platform implementation in Phase 3 and Phase 8; Electron remains the behavioral baseline until replacement evidence is linked.,src/tests/git-context-service.test.ts;src/tests/glob-tool.test.ts;src/tests/grep-tool.test.ts;src/tests/project-analysis-service.test.ts;src/tests/read-tool.test.ts;src/tests/right-workspace-tabs.test.ts;src/tests/workspace-permission-store.test.ts;src/tests/workspace-service.test.ts,windows-x64; macos; linux
FR-WS-03,保留文件预览、编辑器/资源管理器打开、Git 上下文和 worktree 管理。,Phase 3 and Phase 8,codez-platform,planned,codez-platform implementation in Phase 3 and Phase 8; Electron remains the behavioral baseline until replacement evidence is linked.,src/tests/git-context-service.test.ts;src/tests/glob-tool.test.ts;src/tests/grep-tool.test.ts;src/tests/project-analysis-service.test.ts;src/tests/read-tool.test.ts;src/tests/right-workspace-tabs.test.ts;src/tests/workspace-permission-store.test.ts;src/tests/workspace-service.test.ts,windows-x64; macos; linux
FR-WS-04,搜索需保持忽略规则、结果限制、取消、超时和跨平台路径语义。,Phase 3 and Phase 8,codez-platform,planned,codez-platform implementation in Phase 3 and Phase 8; Electron remains the behavioral baseline until replacement evidence is linked.,src/tests/git-context-service.test.ts;src/tests/glob-tool.test.ts;src/tests/grep-tool.test.ts;src/tests/project-analysis-service.test.ts;src/tests/read-tool.test.ts;src/tests/right-workspace-tabs.test.ts;src/tests/workspace-permission-store.test.ts;src/tests/workspace-service.test.ts,windows-x64; macos; linux
FR-DATA-01,兼容并迁移现有 `providers.json`、`sessions.json`、`settings.json`、最近项目、权限、MCP、附件、上下文、执行日志和编辑备份。,Phase 2 and Phase 9,codez-storage,planned,codez-storage implementation in Phase 2 and Phase 9; Electron remains the behavioral baseline until replacement evidence is linked.,src/tests/agent-runner-ledger-authoritative.test.ts;src/tests/attachment-preview-bytes.test.ts;src/tests/attachment-service.test.ts;src/tests/file-context-restorer.test.ts;src/tests/large-tool-result-store.test.ts;src/tests/legacy-session-migration.test.ts;src/tests/mcp-secret-expressions.test.ts;src/tests/mcp-secret-store.test.ts,windows-x64; macos; linux
FR-DATA-02,每类持久化数据必须有显式 `schemaVersion` 或等价迁移版本，不再依赖隐式结构猜测。,Phase 2 and Phase 9,codez-storage,planned,codez-storage implementation in Phase 2 and Phase 9; Electron remains the behavioral baseline until replacement evidence is linked.,src/tests/agent-runner-ledger-authoritative.test.ts;src/tests/attachment-preview-bytes.test.ts;src/tests/attachment-service.test.ts;src/tests/file-context-restorer.test.ts;src/tests/large-tool-result-store.test.ts;src/tests/legacy-session-migration.test.ts;src/tests/mcp-secret-expressions.test.ts;src/tests/mcp-secret-store.test.ts,windows-x64; macos; linux
FR-DATA-03,写入必须采用临时文件、刷新和原子替换策略；并发写入必须串行化或事务化。,Phase 2 and Phase 9,codez-storage,planned,codez-storage implementation in Phase 2 and Phase 9; Electron remains the behavioral baseline until replacement evidence is linked.,src/tests/agent-runner-ledger-authoritative.test.ts;src/tests/attachment-preview-bytes.test.ts;src/tests/attachment-service.test.ts;src/tests/file-context-restorer.test.ts;src/tests/large-tool-result-store.test.ts;src/tests/legacy-session-migration.test.ts;src/tests/mcp-secret-expressions.test.ts;src/tests/mcp-secret-store.test.ts,windows-x64; macos; linux
FR-DATA-04,首次迁移必须先建立清单和备份，迁移应幂等；失败时不得损坏旧数据。,Phase 2 and Phase 9,codez-storage,planned,codez-storage implementation in Phase 2 and Phase 9; Electron remains the behavioral baseline until replacement evidence is linked.,src/tests/agent-runner-ledger-authoritative.test.ts;src/tests/attachment-preview-bytes.test.ts;src/tests/attachment-service.test.ts;src/tests/file-context-restorer.test.ts;src/tests/large-tool-result-store.test.ts;src/tests/legacy-session-migration.test.ts;src/tests/mcp-secret-expressions.test.ts;src/tests/mcp-secret-store.test.ts,windows-x64; macos; linux
FR-DATA-05,Provider API Key、MCP 密钥与 OAuth 凭据不得因迁移降级为明文或 Base64 存储。,Phase 2 and Phase 9,codez-storage,planned,codez-storage implementation in Phase 2 and Phase 9; Electron remains the behavioral baseline until replacement evidence is linked.,src/tests/agent-runner-ledger-authoritative.test.ts;src/tests/attachment-preview-bytes.test.ts;src/tests/attachment-service.test.ts;src/tests/file-context-restorer.test.ts;src/tests/large-tool-result-store.test.ts;src/tests/legacy-session-migration.test.ts;src/tests/mcp-secret-expressions.test.ts;src/tests/mcp-secret-store.test.ts,windows-x64; macos; linux
FR-DATA-06,无法解密旧 `safeStorage` 数据时，应用必须明确标记需重新录入，不得静默丢失或伪造成功。,Phase 2 and Phase 9,codez-storage,planned,codez-storage implementation in Phase 2 and Phase 9; Electron remains the behavioral baseline until replacement evidence is linked.,src/tests/agent-runner-ledger-authoritative.test.ts;src/tests/attachment-preview-bytes.test.ts;src/tests/attachment-service.test.ts;src/tests/file-context-restorer.test.ts;src/tests/large-tool-result-store.test.ts;src/tests/legacy-session-migration.test.ts;src/tests/mcp-secret-expressions.test.ts;src/tests/mcp-secret-store.test.ts,windows-x64; macos; linux
FR-PROVIDER-01,保留 Provider/模型 CRUD、激活 Provider、连接测试、思考参数和上下文/输出上限。,Phase 4 and Phase 8,codez-providers,planned,codez-providers implementation in Phase 4 and Phase 8; Electron remains the behavioral baseline until replacement evidence is linked.,src/tests/chat-provider-usage.test.ts;src/tests/chat-retry.test.ts;src/tests/image-capabilities.test.ts;src/tests/image-composer-state.test.ts;src/tests/image-message-state.test.ts;src/tests/image-preview-csp.test.ts;src/tests/image-provider-payload.test.ts;src/tests/image-session-lifecycle.test.ts,all-desktop
FR-PROVIDER-02,保留 OpenAI Chat Completions、Anthropic Messages、Gemini 流式协议的消息、工具、图片、Usage 和错误归一化行为。,Phase 4 and Phase 8,codez-providers,planned,codez-providers implementation in Phase 4 and Phase 8; Electron remains the behavioral baseline until replacement evidence is linked.,src/tests/chat-provider-usage.test.ts;src/tests/chat-retry.test.ts;src/tests/image-capabilities.test.ts;src/tests/image-composer-state.test.ts;src/tests/image-message-state.test.ts;src/tests/image-preview-csp.test.ts;src/tests/image-provider-payload.test.ts;src/tests/image-session-lifecycle.test.ts,all-desktop
FR-PROVIDER-03,HTTP 客户端必须支持取消、连接/读取超时、流式背压、代理/证书错误提示和敏感字段脱敏。,Phase 4 and Phase 8,codez-providers,planned,codez-providers implementation in Phase 4 and Phase 8; Electron remains the behavioral baseline until replacement evidence is linked.,src/tests/chat-provider-usage.test.ts;src/tests/chat-retry.test.ts;src/tests/image-capabilities.test.ts;src/tests/image-composer-state.test.ts;src/tests/image-message-state.test.ts;src/tests/image-preview-csp.test.ts;src/tests/image-provider-payload.test.ts;src/tests/image-session-lifecycle.test.ts,all-desktop
FR-PROVIDER-04,重试仅适用于可安全重试的请求；不得重复执行已经开始产生副作用的工具调用。,Phase 4 and Phase 8,codez-providers,planned,codez-providers implementation in Phase 4 and Phase 8; Electron remains the behavioral baseline until replacement evidence is linked.,src/tests/chat-provider-usage.test.ts;src/tests/chat-retry.test.ts;src/tests/image-capabilities.test.ts;src/tests/image-composer-state.test.ts;src/tests/image-message-state.test.ts;src/tests/image-preview-csp.test.ts;src/tests/image-provider-payload.test.ts;src/tests/image-session-lifecycle.test.ts,all-desktop
FR-CHAT-01,保留聊天增量、推理增量、结束原因、Usage、错误、停止和 steer 输入。,"Phase 4, Phase 6 and Phase 8",codez-runtime,planned,"codez-runtime implementation in Phase 4, Phase 6 and Phase 8; Electron remains the behavioral baseline until replacement evidence is linked.",src/tests/chat-compaction-timeline.test.ts;src/tests/chat-message-terminal-status.test.ts;src/tests/chat-performance.test.ts;src/tests/chat-provider-usage.test.ts;src/tests/chat-retry.test.ts;src/tests/chat-runtime-ipc.test.ts;src/tests/chat-runtime-registry-steer.test.ts;src/tests/chat-runtime-registry.test.ts,all-desktop
FR-CHAT-02,保留 canonical ledger、上下文预算、压缩、文件/Skill 恢复、断点恢复与崩溃恢复。,"Phase 4, Phase 6 and Phase 8",codez-runtime,planned,"codez-runtime implementation in Phase 4, Phase 6 and Phase 8; Electron remains the behavioral baseline until replacement evidence is linked.",src/tests/chat-compaction-timeline.test.ts;src/tests/chat-message-terminal-status.test.ts;src/tests/chat-performance.test.ts;src/tests/chat-provider-usage.test.ts;src/tests/chat-retry.test.ts;src/tests/chat-runtime-ipc.test.ts;src/tests/chat-runtime-registry-steer.test.ts;src/tests/chat-runtime-registry.test.ts,all-desktop
FR-CHAT-03,每个流必须使用稳定 `streamId`；事件必须带序号或满足可证明的有序单通道语义，终止后不得继续更新 UI。,"Phase 4, Phase 6 and Phase 8",codez-runtime,planned,"codez-runtime implementation in Phase 4, Phase 6 and Phase 8; Electron remains the behavioral baseline until replacement evidence is linked.",src/tests/chat-compaction-timeline.test.ts;src/tests/chat-message-terminal-status.test.ts;src/tests/chat-performance.test.ts;src/tests/chat-provider-usage.test.ts;src/tests/chat-retry.test.ts;src/tests/chat-runtime-ipc.test.ts;src/tests/chat-runtime-registry-steer.test.ts;src/tests/chat-runtime-registry.test.ts,all-desktop
FR-CHAT-04,会话删除、软删除保留期、任务/Agent 运行时状态和历史回退行为保持兼容。,"Phase 4, Phase 6 and Phase 8",codez-runtime,planned,"codez-runtime implementation in Phase 4, Phase 6 and Phase 8; Electron remains the behavioral baseline until replacement evidence is linked.",src/tests/chat-compaction-timeline.test.ts;src/tests/chat-message-terminal-status.test.ts;src/tests/chat-performance.test.ts;src/tests/chat-provider-usage.test.ts;src/tests/chat-retry.test.ts;src/tests/chat-runtime-ipc.test.ts;src/tests/chat-runtime-registry-steer.test.ts;src/tests/chat-runtime-registry.test.ts,all-desktop
FR-CHAT-05,应用重启后不得把已完成任务错误恢复为运行中，也不得把未完成副作用自动重放。,"Phase 4, Phase 6 and Phase 8",codez-runtime,planned,"codez-runtime implementation in Phase 4, Phase 6 and Phase 8; Electron remains the behavioral baseline until replacement evidence is linked.",src/tests/chat-compaction-timeline.test.ts;src/tests/chat-message-terminal-status.test.ts;src/tests/chat-performance.test.ts;src/tests/chat-provider-usage.test.ts;src/tests/chat-retry.test.ts;src/tests/chat-runtime-ipc.test.ts;src/tests/chat-runtime-registry-steer.test.ts;src/tests/chat-runtime-registry.test.ts,all-desktop
FR-TOOL-01,保留工具注册、Schema 验证、延迟暴露、调用组装、调度、Hook、执行日志和大结果裁剪/存储。,Phase 3 and Phase 5,codez-runtime,planned,codez-runtime implementation in Phase 3 and Phase 5; Electron remains the behavioral baseline until replacement evidence is linked.,src/tests/agent-collaboration-tools.test.ts;src/tests/agent-runner-tool-result.test.ts;src/tests/ask-user-question-tool.test.ts;src/tests/bash-tool.test.ts;src/tests/edit-approval-acceptance.test.ts;src/tests/edit-diff-utils.test.ts;src/tests/edit-tool.test.ts;src/tests/edit-transaction-service.test.ts,windows-x64; macos; linux
FR-TOOL-02,保留 Read/List/Glob/Grep、Write/Edit/Notebook、Shell、Web、Task、Agent、MCP、通知和回滚等现有工具行为。,Phase 3 and Phase 5,codez-runtime,planned,codez-runtime implementation in Phase 3 and Phase 5; Electron remains the behavioral baseline until replacement evidence is linked.,src/tests/agent-collaboration-tools.test.ts;src/tests/agent-runner-tool-result.test.ts;src/tests/ask-user-question-tool.test.ts;src/tests/bash-tool.test.ts;src/tests/edit-approval-acceptance.test.ts;src/tests/edit-diff-utils.test.ts;src/tests/edit-tool.test.ts;src/tests/edit-transaction-service.test.ts,windows-x64; macos; linux
FR-TOOL-03,所有副作用工具必须在执行前完成参数验证、影响规划和授权；执行器只能接收去除运行时控制字段后的业务参数。,Phase 3 and Phase 5,codez-runtime,planned,codez-runtime implementation in Phase 3 and Phase 5; Electron remains the behavioral baseline until replacement evidence is linked.,src/tests/agent-collaboration-tools.test.ts;src/tests/agent-runner-tool-result.test.ts;src/tests/ask-user-question-tool.test.ts;src/tests/bash-tool.test.ts;src/tests/edit-approval-acceptance.test.ts;src/tests/edit-diff-utils.test.ts;src/tests/edit-tool.test.ts;src/tests/edit-transaction-service.test.ts,windows-x64; macos; linux
FR-TOOL-04,编辑事务必须保留指纹校验、备份、逐文件接受/拒绝、冲突检测和安全回滚。,Phase 3 and Phase 5,codez-runtime,planned,codez-runtime implementation in Phase 3 and Phase 5; Electron remains the behavioral baseline until replacement evidence is linked.,src/tests/agent-collaboration-tools.test.ts;src/tests/agent-runner-tool-result.test.ts;src/tests/ask-user-question-tool.test.ts;src/tests/bash-tool.test.ts;src/tests/edit-approval-acceptance.test.ts;src/tests/edit-diff-utils.test.ts;src/tests/edit-tool.test.ts;src/tests/edit-transaction-service.test.ts,windows-x64; macos; linux
FR-TOOL-05,进程执行必须支持 stdout/stderr 增量、输出上限、超时、取消、进程树终止和退出状态归一化。,Phase 3 and Phase 5,codez-runtime,planned,codez-runtime implementation in Phase 3 and Phase 5; Electron remains the behavioral baseline until replacement evidence is linked.,src/tests/agent-collaboration-tools.test.ts;src/tests/agent-runner-tool-result.test.ts;src/tests/ask-user-question-tool.test.ts;src/tests/bash-tool.test.ts;src/tests/edit-approval-acceptance.test.ts;src/tests/edit-diff-utils.test.ts;src/tests/edit-tool.test.ts;src/tests/edit-transaction-service.test.ts,windows-x64; macos; linux
FR-TOOL-06,工具并发必须服从资源键与调度规则，不能并发修改同一资源或绕过权限。,Phase 3 and Phase 5,codez-runtime,planned,codez-runtime implementation in Phase 3 and Phase 5; Electron remains the behavioral baseline until replacement evidence is linked.,src/tests/agent-collaboration-tools.test.ts;src/tests/agent-runner-tool-result.test.ts;src/tests/ask-user-question-tool.test.ts;src/tests/bash-tool.test.ts;src/tests/edit-approval-acceptance.test.ts;src/tests/edit-diff-utils.test.ts;src/tests/edit-tool.test.ts;src/tests/edit-transaction-service.test.ts,windows-x64; macos; linux
FR-PERM-01,保留 `auto | full-access` 工作区模式和现有模型审批偏好决策矩阵。,Phase 5,codez-runtime,planned,codez-runtime implementation in Phase 5; Electron remains the behavioral baseline until replacement evidence is linked.,src/tests/permission-approval-options.test.ts;src/tests/permission-approval-viewport.test.ts;src/tests/permission-audit-log.test.ts;src/tests/permission-command-corpus.test.ts;src/tests/permission-contracts.test.ts;src/tests/permission-critical-guard.test.ts;src/tests/permission-decision-engine.test.ts;src/tests/permission-manager.test.ts,windows-x64; macos; linux
FR-PERM-02,绝对红线、显式拒绝和工作区边界不得被模型输出、MCP 注解、Hook 或持久化 allow 规则绕过。,Phase 5,codez-runtime,planned,codez-runtime implementation in Phase 5; Electron remains the behavioral baseline until replacement evidence is linked.,src/tests/permission-approval-options.test.ts;src/tests/permission-approval-viewport.test.ts;src/tests/permission-audit-log.test.ts;src/tests/permission-command-corpus.test.ts;src/tests/permission-contracts.test.ts;src/tests/permission-critical-guard.test.ts;src/tests/permission-decision-engine.test.ts;src/tests/permission-manager.test.ts,windows-x64; macos; linux
FR-PERM-03,Bash、PowerShell 与嵌套命令分析必须保持命令分类、路径影响、动态执行降级和解析失败默认安全。,Phase 5,codez-runtime,planned,codez-runtime implementation in Phase 5; Electron remains the behavioral baseline until replacement evidence is linked.,src/tests/permission-approval-options.test.ts;src/tests/permission-approval-viewport.test.ts;src/tests/permission-audit-log.test.ts;src/tests/permission-command-corpus.test.ts;src/tests/permission-contracts.test.ts;src/tests/permission-critical-guard.test.ts;src/tests/permission-decision-engine.test.ts;src/tests/permission-manager.test.ts,windows-x64; macos; linux
FR-PERM-04,审批请求应支持 once/session/project 等既有允许范围，并记录审批来源和审计日志。,Phase 5,codez-runtime,planned,codez-runtime implementation in Phase 5; Electron remains the behavioral baseline until replacement evidence is linked.,src/tests/permission-approval-options.test.ts;src/tests/permission-approval-viewport.test.ts;src/tests/permission-audit-log.test.ts;src/tests/permission-command-corpus.test.ts;src/tests/permission-contracts.test.ts;src/tests/permission-critical-guard.test.ts;src/tests/permission-decision-engine.test.ts;src/tests/permission-manager.test.ts,windows-x64; macos; linux
FR-PERM-05,授权后、执行前必须对输入快照或关键资源再次校验，防止审批与执行之间被替换。,Phase 5,codez-runtime,planned,codez-runtime implementation in Phase 5; Electron remains the behavioral baseline until replacement evidence is linked.,src/tests/permission-approval-options.test.ts;src/tests/permission-approval-viewport.test.ts;src/tests/permission-audit-log.test.ts;src/tests/permission-command-corpus.test.ts;src/tests/permission-contracts.test.ts;src/tests/permission-critical-guard.test.ts;src/tests/permission-decision-engine.test.ts;src/tests/permission-manager.test.ts,windows-x64; macos; linux
FR-AGENT-01,保留主 Agent 状态机、无固定轮次上限但有停滞保护的执行语义。,Phase 6 and Phase 8,codez-runtime,planned,codez-runtime implementation in Phase 6 and Phase 8; Electron remains the behavioral baseline until replacement evidence is linked.,src/tests/agent-collaboration-runtime.test.ts;src/tests/agent-collaboration-tools.test.ts;src/tests/agent-response-wait-warning.test.ts;src/tests/agent-runner-ledger-authoritative.test.ts;src/tests/agent-runner-plan-mode.test.ts;src/tests/agent-runner-tool-result.test.ts;src/tests/agent-runner-transition.test.ts;src/tests/delegate-tasks-helper.test.ts,all-desktop
FR-AGENT-02,保留子 Agent 生命周期、父子关系、消息邮箱、等待、恢复、终止传播和结果协议。,Phase 6 and Phase 8,codez-runtime,planned,codez-runtime implementation in Phase 6 and Phase 8; Electron remains the behavioral baseline until replacement evidence is linked.,src/tests/agent-collaboration-runtime.test.ts;src/tests/agent-collaboration-tools.test.ts;src/tests/agent-response-wait-warning.test.ts;src/tests/agent-runner-ledger-authoritative.test.ts;src/tests/agent-runner-plan-mode.test.ts;src/tests/agent-runner-tool-result.test.ts;src/tests/agent-runner-transition.test.ts;src/tests/delegate-tasks-helper.test.ts,all-desktop
FR-AGENT-03,保留并行 wave、执行器控制、worktree 隔离、接管、重试与产物状态。,Phase 6 and Phase 8,codez-runtime,planned,codez-runtime implementation in Phase 6 and Phase 8; Electron remains the behavioral baseline until replacement evidence is linked.,src/tests/agent-collaboration-runtime.test.ts;src/tests/agent-collaboration-tools.test.ts;src/tests/agent-response-wait-warning.test.ts;src/tests/agent-runner-ledger-authoritative.test.ts;src/tests/agent-runner-plan-mode.test.ts;src/tests/agent-runner-tool-result.test.ts;src/tests/agent-runner-transition.test.ts;src/tests/delegate-tasks-helper.test.ts,all-desktop
FR-AGENT-04,Task、Plan 和 resume state 必须与 Agent 执行状态一致，重启后可恢复且不产生幽灵运行状态。,Phase 6 and Phase 8,codez-runtime,planned,codez-runtime implementation in Phase 6 and Phase 8; Electron remains the behavioral baseline until replacement evidence is linked.,src/tests/agent-collaboration-runtime.test.ts;src/tests/agent-collaboration-tools.test.ts;src/tests/agent-response-wait-warning.test.ts;src/tests/agent-runner-ledger-authoritative.test.ts;src/tests/agent-runner-plan-mode.test.ts;src/tests/agent-runner-tool-result.test.ts;src/tests/agent-runner-transition.test.ts;src/tests/delegate-tasks-helper.test.ts,all-desktop
FR-AGENT-05,所有运行任务必须归属于可取消作用域；父任务取消应按既定策略传播到子任务和子进程。,Phase 6 and Phase 8,codez-runtime,planned,codez-runtime implementation in Phase 6 and Phase 8; Electron remains the behavioral baseline until replacement evidence is linked.,src/tests/agent-collaboration-runtime.test.ts;src/tests/agent-collaboration-tools.test.ts;src/tests/agent-response-wait-warning.test.ts;src/tests/agent-runner-ledger-authoritative.test.ts;src/tests/agent-runner-plan-mode.test.ts;src/tests/agent-runner-tool-result.test.ts;src/tests/agent-runner-transition.test.ts;src/tests/delegate-tasks-helper.test.ts,all-desktop
FR-MCP-01,保留 stdio、Streamable HTTP 与 SSE 配置、发现、调用、重连和状态通知。,Phase 7 and Phase 8,codez-mcp,planned,codez-mcp implementation in Phase 7 and Phase 8; Electron remains the behavioral baseline until replacement evidence is linked.,src/tests/mcp-config-service.test.ts;src/tests/mcp-connection-manager.test.ts;src/tests/mcp-content-normalization.test.ts;src/tests/mcp-discovery.test.ts;src/tests/mcp-instruction-registry.test.ts;src/tests/mcp-network-transports.test.ts;src/tests/mcp-normalization.test.ts;src/tests/mcp-oauth-http.test.ts,windows-x64; macos; linux
FR-MCP-02,保留 Tool、Resource、Prompt、日志、资源订阅及受策略控制的反向 Sampling/Elicitation。,Phase 7 and Phase 8,codez-mcp,planned,codez-mcp implementation in Phase 7 and Phase 8; Electron remains the behavioral baseline until replacement evidence is linked.,src/tests/mcp-config-service.test.ts;src/tests/mcp-connection-manager.test.ts;src/tests/mcp-content-normalization.test.ts;src/tests/mcp-discovery.test.ts;src/tests/mcp-instruction-registry.test.ts;src/tests/mcp-network-transports.test.ts;src/tests/mcp-normalization.test.ts;src/tests/mcp-oauth-http.test.ts,windows-x64; macos; linux
FR-MCP-03,保留用户/项目/本地/动态/托管配置优先级、项目指纹信任和敏感表达式解析。,Phase 7 and Phase 8,codez-mcp,planned,codez-mcp implementation in Phase 7 and Phase 8; Electron remains the behavioral baseline until replacement evidence is linked.,src/tests/mcp-config-service.test.ts;src/tests/mcp-connection-manager.test.ts;src/tests/mcp-content-normalization.test.ts;src/tests/mcp-discovery.test.ts;src/tests/mcp-instruction-registry.test.ts;src/tests/mcp-network-transports.test.ts;src/tests/mcp-normalization.test.ts;src/tests/mcp-oauth-http.test.ts,windows-x64; macos; linux
FR-MCP-04,保留 OAuth 授权、登出、过期恢复和安全回调；Token 必须存入系统安全存储。,Phase 7 and Phase 8,codez-mcp,planned,codez-mcp implementation in Phase 7 and Phase 8; Electron remains the behavioral baseline until replacement evidence is linked.,src/tests/mcp-config-service.test.ts;src/tests/mcp-connection-manager.test.ts;src/tests/mcp-content-normalization.test.ts;src/tests/mcp-discovery.test.ts;src/tests/mcp-instruction-registry.test.ts;src/tests/mcp-network-transports.test.ts;src/tests/mcp-normalization.test.ts;src/tests/mcp-oauth-http.test.ts,windows-x64; macos; linux
FR-MCP-05,MCP 子进程必须有握手超时、stderr 上限、进程树回收和退出原因记录。,Phase 7 and Phase 8,codez-mcp,planned,codez-mcp implementation in Phase 7 and Phase 8; Electron remains the behavioral baseline until replacement evidence is linked.,src/tests/mcp-config-service.test.ts;src/tests/mcp-connection-manager.test.ts;src/tests/mcp-content-normalization.test.ts;src/tests/mcp-discovery.test.ts;src/tests/mcp-instruction-registry.test.ts;src/tests/mcp-network-transports.test.ts;src/tests/mcp-normalization.test.ts;src/tests/mcp-oauth-http.test.ts,windows-x64; macos; linux
FR-TERM-01,PTY 支持启动、输入、尺寸调整、输出、退出和关闭；中文与 UTF-8 输出不能回退到 ANSI 默认编码。,"Phase 3, Phase 7 and Phase 8",codez-platform,planned,"codez-platform implementation in Phase 3, Phase 7 and Phase 8; Electron remains the behavioral baseline until replacement evidence is linked.",src/tests/attachment-preview-bytes.test.ts;src/tests/attachment-service.test.ts;src/tests/bash-tool.test.ts;src/tests/compaction-skill-recovery.test.ts;src/tests/memory-service.test.ts;src/tests/powershell-tool.test.ts;src/tests/rules-resolver.test.ts;src/tests/session-skill-lifecycle.test.ts,windows-x64; macos; linux
FR-TERM-02,Skills、Rules、Memory、系统通知、附件导入/预览/清理保持可用。,"Phase 3, Phase 7 and Phase 8",codez-platform,planned,"codez-platform implementation in Phase 3, Phase 7 and Phase 8; Electron remains the behavioral baseline until replacement evidence is linked.",src/tests/attachment-preview-bytes.test.ts;src/tests/attachment-service.test.ts;src/tests/bash-tool.test.ts;src/tests/compaction-skill-recovery.test.ts;src/tests/memory-service.test.ts;src/tests/powershell-tool.test.ts;src/tests/rules-resolver.test.ts;src/tests/session-skill-lifecycle.test.ts,windows-x64; macos; linux
FR-TERM-03,内置 Skills、解析器或搜索二进制等随包资源必须能在开发与安装环境中可靠定位。,"Phase 3, Phase 7 and Phase 8",codez-platform,planned,"codez-platform implementation in Phase 3, Phase 7 and Phase 8; Electron remains the behavioral baseline until replacement evidence is linked.",src/tests/attachment-preview-bytes.test.ts;src/tests/attachment-service.test.ts;src/tests/bash-tool.test.ts;src/tests/compaction-skill-recovery.test.ts;src/tests/memory-service.test.ts;src/tests/powershell-tool.test.ts;src/tests/rules-resolver.test.ts;src/tests/session-skill-lifecycle.test.ts,windows-x64; macos; linux
FR-MIG-01,从迁移开始到迁移完成门禁通过，Electron 源码、preload、构建配置、依赖、有效测试和稳定安装包必须保留，不得因某个模块已移植而提前删除。,Phase 0 through Phase 10,migration,in-progress,migration implementation in Phase 0 through Phase 10; Electron remains the behavioral baseline until replacement evidence is linked.,src/tests/legacy-session-migration.test.ts;src/tests/legacy-tool-adapter.test.ts;src/tests/legacy-tool-execution-pipeline.test.ts;src/tests/provider-service-migration.test.ts;src/tests/settings-subagent-model-migration.test.ts;src/tests/smoke.test.ts,windows-x64; macos; linux
FR-MIG-02,Electron 基线停止新增产品功能；确需修复阻断性缺陷时只做最小改动，并同步更新 Tauri/Rust 的行为基线与测试。,Phase 0 through Phase 10,migration,in-progress,migration implementation in Phase 0 through Phase 10; Electron remains the behavioral baseline until replacement evidence is linked.,src/tests/legacy-session-migration.test.ts;src/tests/legacy-tool-adapter.test.ts;src/tests/legacy-tool-execution-pipeline.test.ts;src/tests/provider-service-migration.test.ts;src/tests/settings-subagent-model-migration.test.ts;src/tests/smoke.test.ts,windows-x64; macos; linux
FR-MIG-03,每个 Electron 模块、IPC 和测试必须在迁移追踪矩阵中标记为 `ported`、`replaced`、`retained` 或经批准的 `obsolete`，且附对应代码/测试证据。,Phase 0 through Phase 10,migration,in-progress,migration implementation in Phase 0 through Phase 10; Electron remains the behavioral baseline until replacement evidence is linked.,src/tests/legacy-session-migration.test.ts;src/tests/legacy-tool-adapter.test.ts;src/tests/legacy-tool-execution-pipeline.test.ts;src/tests/provider-service-migration.test.ts;src/tests/settings-subagent-model-migration.test.ts;src/tests/smoke.test.ts,windows-x64; macos; linux
FR-MIG-04,只有功能、数据、密钥、安全、性能、跨平台构建、安装升级、回退演练和测试全部通过后，才能批准 Electron 删除阶段。,Phase 0 through Phase 10,migration,planned,migration implementation in Phase 0 through Phase 10; Electron remains the behavioral baseline until replacement evidence is linked.,src/tests/legacy-session-migration.test.ts;src/tests/legacy-tool-adapter.test.ts;src/tests/legacy-tool-execution-pipeline.test.ts;src/tests/provider-service-migration.test.ts;src/tests/settings-subagent-model-migration.test.ts;src/tests/smoke.test.ts,windows-x64; macos; linux
FR-MIG-05,Electron 删除必须使用独立提交或独立 PR；删除前建立可恢复 tag/分支和安装包归档，删除后重新运行完整测试与发布构建。,Phase 0 through Phase 10,migration,planned,migration implementation in Phase 0 through Phase 10; Electron remains the behavioral baseline until replacement evidence is linked.,src/tests/legacy-session-migration.test.ts;src/tests/legacy-tool-adapter.test.ts;src/tests/legacy-tool-execution-pipeline.test.ts;src/tests/provider-service-migration.test.ts;src/tests/settings-subagent-model-migration.test.ts;src/tests/smoke.test.ts,windows-x64; macos; linux
FR-MIG-06,不得删除仍承载有效行为断言的 Electron 测试；只有等价 Rust、契约、前端或 E2E 测试已通过后才能删除原测试。,Phase 0 through Phase 10,migration,planned,migration implementation in Phase 0 through Phase 10; Electron remains the behavioral baseline until replacement evidence is linked.,src/tests/legacy-session-migration.test.ts;src/tests/legacy-tool-adapter.test.ts;src/tests/legacy-tool-execution-pipeline.test.ts;src/tests/provider-service-migration.test.ts;src/tests/settings-subagent-model-migration.test.ts;src/tests/smoke.test.ts,windows-x64; macos; linux
NFR-SEC-01,Tauri capabilities/permissions 采用最小权限，前端不能获得任意 Shell、文件系统或进程权限。,"Phase 2, Phase 3, Phase 5, Phase 7 and Phase 9",security,planned,"security implementation in Phase 2, Phase 3, Phase 5, Phase 7 and Phase 9; Electron remains the behavioral baseline until replacement evidence is linked.",src/tests/mcp-oauth-security.test.ts;src/tests/mcp-project-trust.test.ts;src/tests/mcp-safe-fetch.test.ts;src/tests/mcp-secret-expressions.test.ts;src/tests/mcp-secret-store.test.ts;src/tests/permission-approval-options.test.ts;src/tests/permission-approval-viewport.test.ts;src/tests/permission-audit-log.test.ts,windows-x64; macos; linux
NFR-SEC-02,高权限操作只通过窄化、校验后的 Rust command 暴露；不提供通用 `execute(command)` 给 UI。,"Phase 2, Phase 3, Phase 5, Phase 7 and Phase 9",security,planned,"security implementation in Phase 2, Phase 3, Phase 5, Phase 7 and Phase 9; Electron remains the behavioral baseline until replacement evidence is linked.",src/tests/mcp-oauth-security.test.ts;src/tests/mcp-project-trust.test.ts;src/tests/mcp-safe-fetch.test.ts;src/tests/mcp-secret-expressions.test.ts;src/tests/mcp-secret-store.test.ts;src/tests/permission-approval-options.test.ts;src/tests/permission-approval-viewport.test.ts;src/tests/permission-audit-log.test.ts,windows-x64; macos; linux
NFR-SEC-03,WebView CSP 禁止不必要的远程脚本、`eval` 和任意导航；远程内容以数据处理，不作为应用页面执行。,"Phase 2, Phase 3, Phase 5, Phase 7 and Phase 9",security,planned,"security implementation in Phase 2, Phase 3, Phase 5, Phase 7 and Phase 9; Electron remains the behavioral baseline until replacement evidence is linked.",src/tests/mcp-oauth-security.test.ts;src/tests/mcp-project-trust.test.ts;src/tests/mcp-safe-fetch.test.ts;src/tests/mcp-secret-expressions.test.ts;src/tests/mcp-secret-store.test.ts;src/tests/permission-approval-options.test.ts;src/tests/permission-approval-viewport.test.ts;src/tests/permission-audit-log.test.ts,windows-x64; macos; linux
NFR-SEC-04,日志、错误、事件、崩溃信息不得包含 API Key、OAuth Token、MCP 密钥或完整 Authorization Header。,"Phase 2, Phase 3, Phase 5, Phase 7 and Phase 9",security,planned,"security implementation in Phase 2, Phase 3, Phase 5, Phase 7 and Phase 9; Electron remains the behavioral baseline until replacement evidence is linked.",src/tests/mcp-oauth-security.test.ts;src/tests/mcp-project-trust.test.ts;src/tests/mcp-safe-fetch.test.ts;src/tests/mcp-secret-expressions.test.ts;src/tests/mcp-secret-store.test.ts;src/tests/permission-approval-options.test.ts;src/tests/permission-approval-viewport.test.ts;src/tests/permission-audit-log.test.ts,windows-x64; macos; linux
NFR-SEC-05,所有外部路径、URL、命令、MCP 配置和模型返回的工具参数均视为不可信输入。,"Phase 2, Phase 3, Phase 5, Phase 7 and Phase 9",security,planned,"security implementation in Phase 2, Phase 3, Phase 5, Phase 7 and Phase 9; Electron remains the behavioral baseline until replacement evidence is linked.",src/tests/mcp-oauth-security.test.ts;src/tests/mcp-project-trust.test.ts;src/tests/mcp-safe-fetch.test.ts;src/tests/mcp-secret-expressions.test.ts;src/tests/mcp-secret-store.test.ts;src/tests/permission-approval-options.test.ts;src/tests/permission-approval-viewport.test.ts;src/tests/permission-audit-log.test.ts,windows-x64; macos; linux
NFR-REL-01,长任务应支持取消和确定性收尾；退出清理设置总超时，不能无限阻塞应用关闭。,Phase 2 through Phase 9,runtime,planned,runtime implementation in Phase 2 through Phase 9; Electron remains the behavioral baseline until replacement evidence is linked.,src/tests/agent-collaboration-runtime.test.ts;src/tests/chat-retry.test.ts;src/tests/chat-runtime-ipc.test.ts;src/tests/chat-runtime-registry-steer.test.ts;src/tests/chat-runtime-registry.test.ts;src/tests/chat-runtime-status-slice.test.ts;src/tests/compaction-file-recovery.test.ts;src/tests/compaction-skill-recovery.test.ts,windows-x64; macos; linux
NFR-REL-02,后端错误使用稳定错误码、用户可读消息和仅用于诊断的上下文，不向前端泄露敏感内部信息。,Phase 2 through Phase 9,runtime,planned,runtime implementation in Phase 2 through Phase 9; Electron remains the behavioral baseline until replacement evidence is linked.,src/tests/agent-collaboration-runtime.test.ts;src/tests/chat-retry.test.ts;src/tests/chat-runtime-ipc.test.ts;src/tests/chat-runtime-registry-steer.test.ts;src/tests/chat-runtime-registry.test.ts;src/tests/chat-runtime-status-slice.test.ts;src/tests/compaction-file-recovery.test.ts;src/tests/compaction-skill-recovery.test.ts,windows-x64; macos; linux
NFR-REL-03,持久化和事件处理不得因单个会话失败导致其他会话状态损坏。,Phase 2 through Phase 9,runtime,planned,runtime implementation in Phase 2 through Phase 9; Electron remains the behavioral baseline until replacement evidence is linked.,src/tests/agent-collaboration-runtime.test.ts;src/tests/chat-retry.test.ts;src/tests/chat-runtime-ipc.test.ts;src/tests/chat-runtime-registry-steer.test.ts;src/tests/chat-runtime-registry.test.ts;src/tests/chat-runtime-status-slice.test.ts;src/tests/compaction-file-recovery.test.ts;src/tests/compaction-skill-recovery.test.ts,windows-x64; macos; linux
NFR-REL-04,新版本应能检测并隔离损坏的数据文件，保留原件并给出恢复路径。,Phase 2 through Phase 9,runtime,planned,runtime implementation in Phase 2 through Phase 9; Electron remains the behavioral baseline until replacement evidence is linked.,src/tests/agent-collaboration-runtime.test.ts;src/tests/chat-retry.test.ts;src/tests/chat-runtime-ipc.test.ts;src/tests/chat-runtime-registry-steer.test.ts;src/tests/chat-runtime-registry.test.ts;src/tests/chat-runtime-status-slice.test.ts;src/tests/compaction-file-recovery.test.ts;src/tests/compaction-skill-recovery.test.ts,windows-x64; macos; linux
NFR-PERF-01,在 Phase 0 记录 Electron 的冷启动、空闲内存、首屏、文件树、搜索、首 Token、PTY 吞吐和安装包体积基线。,Phase 0 and Phase 9,performance,planned,performance implementation in Phase 0 and Phase 9; Electron remains the behavioral baseline until replacement evidence is linked.,src/tests/chat-performance.test.ts;src/tests/grep-tool.test.ts;src/tests/project-analysis-service.test.ts;src/tests/spawn-runner.test.ts,windows-x64; macos; linux
NFR-PERF-02,Tauri 候选版在典型项目上的关键交互 P95 不得比基线退化超过 10%，除非有书面例外。,Phase 0 and Phase 9,performance,planned,performance implementation in Phase 0 and Phase 9; Electron remains the behavioral baseline until replacement evidence is linked.,src/tests/chat-performance.test.ts;src/tests/grep-tool.test.ts;src/tests/project-analysis-service.test.ts;src/tests/spawn-runner.test.ts,windows-x64; macos; linux
NFR-PERF-03,聊天和终端流采用有界上游队列、最大 4 KiB delta frame、累计 ACK 窗口和显式 cancel；Tauri Channel 只作为 wire transport，持续输出不能导致 WebView 内存无界增长，见 ADR 0005。,Phase 0 and Phase 9,performance,planned,performance implementation in Phase 0 and Phase 9; Electron remains the behavioral baseline until replacement evidence is linked.,src/tests/chat-performance.test.ts;src/tests/grep-tool.test.ts;src/tests/project-analysis-service.test.ts;src/tests/spawn-runner.test.ts,windows-x64; macos; linux
NFR-PERF-04,大文件、搜索结果、工具输出和 MCP 内容继续执行既有大小限制。,Phase 0 and Phase 9,performance,planned,performance implementation in Phase 0 and Phase 9; Electron remains the behavioral baseline until replacement evidence is linked.,src/tests/chat-performance.test.ts;src/tests/grep-tool.test.ts;src/tests/project-analysis-service.test.ts;src/tests/spawn-runner.test.ts,windows-x64; macos; linux
NFR-PORT-01,路径比较、大小写、符号链接、Shell、PTY、进程树、系统密钥环、全局快捷键和安装升级必须按平台测试。,"Phase 1, Phase 3, Phase 7 and Phase 9",platform,planned,"platform implementation in Phase 1, Phase 3, Phase 7 and Phase 9; Electron remains the behavioral baseline until replacement evidence is linked.",src/tests/bash-tool.test.ts;src/tests/mcp-network-transports.test.ts;src/tests/powershell-tool.test.ts;src/tests/right-workspace-tabs.test.ts;src/tests/workspace-permission-store.test.ts;src/tests/workspace-service.test.ts,windows-x64; macos; linux
NFR-PORT-02,Windows 中文路径与 PowerShell UTF-8 是必须通过的发布用例。,"Phase 1, Phase 3, Phase 7 and Phase 9",platform,planned,"platform implementation in Phase 1, Phase 3, Phase 7 and Phase 9; Electron remains the behavioral baseline until replacement evidence is linked.",src/tests/bash-tool.test.ts;src/tests/mcp-network-transports.test.ts;src/tests/powershell-tool.test.ts;src/tests/right-workspace-tabs.test.ts;src/tests/workspace-permission-store.test.ts;src/tests/workspace-service.test.ts,windows-x64; macos; linux
NFR-PORT-03,若选择 Windows 优先，macOS/Linux 未通过验收前不得宣称已完成对应平台迁移。,"Phase 1, Phase 3, Phase 7 and Phase 9",platform,planned,"platform implementation in Phase 1, Phase 3, Phase 7 and Phase 9; Electron remains the behavioral baseline until replacement evidence is linked.",src/tests/bash-tool.test.ts;src/tests/mcp-network-transports.test.ts;src/tests/powershell-tool.test.ts;src/tests/right-workspace-tabs.test.ts;src/tests/workspace-permission-store.test.ts;src/tests/workspace-service.test.ts,windows-x64; macos; linux
NFR-TEST-01,每项 FR/NFR 至少关联一种自动化或明确的人工验收。,Every phase,quality,planned,quality implementation in Every phase; Electron remains the behavioral baseline until replacement evidence is linked.,src/tests/context-contracts.test.ts;src/tests/permission-contracts.test.ts;src/tests/smoke.test.ts;src/tests/tool-runtime-v1-v2-baseline.test.ts;src/tests/tool-schema-baseline.test.ts,windows-x64; macos; linux
NFR-TEST-02,Rust 核心逻辑以单元/性质测试覆盖；文件、进程、网络、MCP 与持久化以集成测试覆盖；关键用户流程以桌面 E2E 覆盖。,Every phase,quality,planned,quality implementation in Every phase; Electron remains the behavioral baseline until replacement evidence is linked.,src/tests/context-contracts.test.ts;src/tests/permission-contracts.test.ts;src/tests/smoke.test.ts;src/tests/tool-runtime-v1-v2-baseline.test.ts;src/tests/tool-schema-baseline.test.ts,windows-x64; macos; linux
NFR-TEST-03,危险命令语料、Provider 协议样例、工具 Schema 和旧数据样例应转成不依赖 Electron 的 golden fixtures。,Every phase,quality,planned,quality implementation in Every phase; Electron remains the behavioral baseline until replacement evidence is linked.,src/tests/context-contracts.test.ts;src/tests/permission-contracts.test.ts;src/tests/smoke.test.ts;src/tests/tool-runtime-v1-v2-baseline.test.ts;src/tests/tool-schema-baseline.test.ts,windows-x64; macos; linux
NFR-TEST-04,所有平台的发布构建必须从干净环境产生，安装后执行资源和数据迁移 smoke test。,Every phase,quality,planned,quality implementation in Every phase; Electron remains the behavioral baseline until replacement evidence is linked.,src/tests/context-contracts.test.ts;src/tests/permission-contracts.test.ts;src/tests/smoke.test.ts;src/tests/tool-runtime-v1-v2-baseline.test.ts;src/tests/tool-schema-baseline.test.ts,windows-x64; macos; linux
NFR-MAINT-01,Tauri command 只做鉴权、反序列化、调用应用服务和错误映射，不包含领域流程。,Phase 1 through Phase 10,architecture,planned,architecture implementation in Phase 1 through Phase 10; Electron remains the behavioral baseline until replacement evidence is linked.,src/tests/chat-runtime-registry-steer.test.ts;src/tests/chat-runtime-registry.test.ts;src/tests/context-contracts.test.ts;src/tests/permission-contracts.test.ts;src/tests/tool-runtime-registry.test.ts;src/tests/tool-schema-baseline.test.ts,all-desktop
NFR-MAINT-02,领域模块不直接依赖 Tauri Window/AppHandle；通过 trait 注入事件、路径、凭据、进程等平台能力。,Phase 1 through Phase 10,architecture,planned,architecture implementation in Phase 1 through Phase 10; Electron remains the behavioral baseline until replacement evidence is linked.,src/tests/chat-runtime-registry-steer.test.ts;src/tests/chat-runtime-registry.test.ts;src/tests/context-contracts.test.ts;src/tests/permission-contracts.test.ts;src/tests/tool-runtime-registry.test.ts;src/tests/tool-schema-baseline.test.ts,all-desktop
NFR-MAINT-03,Rust 类型是后端契约源，TypeScript 类型通过生成或机器校验保持一致，禁止长期手工复制两套结构。,Phase 1 through Phase 10,architecture,planned,architecture implementation in Phase 1 through Phase 10; Electron remains the behavioral baseline until replacement evidence is linked.,src/tests/chat-runtime-registry-steer.test.ts;src/tests/chat-runtime-registry.test.ts;src/tests/context-contracts.test.ts;src/tests/permission-contracts.test.ts;src/tests/tool-runtime-registry.test.ts;src/tests/tool-schema-baseline.test.ts,all-desktop
NFR-MAINT-04,异步共享状态必须有明确所有权；禁止跨 `await` 持有粗粒度全局锁。,Phase 1 through Phase 10,architecture,planned,architecture implementation in Phase 1 through Phase 10; Electron remains the behavioral baseline until replacement evidence is linked.,src/tests/chat-runtime-registry-steer.test.ts;src/tests/chat-runtime-registry.test.ts;src/tests/context-contracts.test.ts;src/tests/permission-contracts.test.ts;src/tests/tool-runtime-registry.test.ts;src/tests/tool-schema-baseline.test.ts,all-desktop
